dataTime,locType,longitude,latitude,heading,accuracy,speed,distance,isBackForeground,stepType,altitude
1781327412,1,-79.645824,43.585028,0.000000,9.518880,-1.000000,0.000000,1,0,167.396289
1781373335,1,-79.646555,43.584366,0.000000,20.381858,0.075334,94.317818,1,0,155.096351
1781373423,1,-79.647108,43.583542,0.000000,5.762253,13.328991,101.865982,1,0,156.718297
1781373430,1,-79.647930,43.582815,0.000000,5.568821,14.750194,104.557574,1,0,157.969651
1781373439,1,-79.648745,43.582092,0.000000,3.473157,7.289400,103.855377,1,0,158.881567
1781373476,1,-79.649508,43.581379,0.000000,5.800874,12.653690,100.366269,1,0,158.582985
1781373484,1,-79.650376,43.580577,0.000000,10.400346,13.721721,113.380120,1,0,159.169055
1781373494,1,-79.651184,43.579882,0.000000,8.024785,6.085953,101.102391,1,0,158.689021
1781373519,1,-79.652008,43.579188,0.000000,5.185065,12.105358,101.857186,1,0,160.054062
1781373526,1,-79.652831,43.578454,0.000000,2.036946,16.124157,105.210620,1,0,158.982899
1781373532,1,-79.653644,43.577736,0.000000,2.000163,17.579450,103.327098,1,0,158.644490
1781373538,1,-79.654510,43.576983,0.000000,2.020336,18.188132,109.053434,1,0,158.509340
1781373544,1,-79.655356,43.576240,0.000000,2.009243,17.807707,107.166113,1,0,158.606666
1781373550,1,-79.656208,43.575495,0.000000,2.000028,17.601460,107.646580,1,0,159.044887
1781373556,1,-79.657058,43.574753,0.000000,2.000000,17.898040,107.287039,1,0,159.654293
1781373562,1,-79.657865,43.574015,0.000000,2.000801,17.042795,104.749953,1,0,160.031962
1781373589,1,-79.658727,43.573248,0.000000,2.002684,9.227840,110.046616,1,0,161.275912
1781373597,1,-79.659649,43.572483,0.000000,2.012035,15.388345,113.012226,1,0,160.155472
1781373603,1,-79.660482,43.571764,0.000000,2.002407,18.658909,104.449937,1,0,158.983741
1781373609,1,-79.661373,43.570967,0.000000,2.000005,18.977635,114.114116,1,0,157.960991
1781373615,1,-79.662288,43.570179,0.000000,2.000000,19.367202,114.580864,1,0,155.709340
1781373621,1,-79.663233,43.569385,0.000000,2.006444,19.969297,116.662208,1,0,153.617024
1781373626,1,-79.664016,43.568682,0.000000,2.000059,19.908071,100.506864,1,0,151.499305
1781373632,1,-79.664990,43.567867,0.000000,2.071486,20.090247,119.959661,1,0,148.032404
1781373638,1,-79.665980,43.567064,0.000000,2.000152,20.329878,119.819891,1,0,143.260682
1781373643,1,-79.666842,43.566334,0.000000,2.000001,21.799997,106.902337,1,0,140.588113
1781373648,1,-79.667695,43.565596,0.000000,2.000000,21.240292,107.108999,1,0,139.684348
1781373653,1,-79.668523,43.564872,0.000000,2.002065,20.746805,104.620164,1,0,138.956869
1781373659,1,-79.669456,43.564038,0.000000,2.000010,19.662949,119.447975,1,0,136.913940
1781373664,1,-79.670236,43.563336,0.000000,2.000000,20.022071,100.271295,1,0,135.085860
1781373669,1,-79.671049,43.562599,0.000000,2.001398,21.389259,104.972215,1,0,133.376548
1781373674,1,-79.671883,43.561838,0.000000,2.000009,21.669032,108.117952,1,0,133.964646
1781373679,1,-79.672729,43.561069,0.000000,2.000000,22.178370,109.417520,1,0,134.948938
1781373684,1,-79.673580,43.560298,0.000000,2.000000,22.094491,109.843556,1,0,135.391460
1781373689,1,-79.674417,43.559534,0.000000,5.884877,21.403866,108.529722,1,0,136.553586
1781373694,1,-79.674973,43.558724,0.000000,2.039059,19.797311,100.584646,1,0,137.287839
1781373702,1,-79.675086,43.557793,0.000000,2.000078,8.150263,103.841915,1,0,138.484853
1781373728,1,-79.674849,43.556889,0.000000,2.003767,11.960689,102.249131,1,0,137.822444
1781373736,1,-79.674653,43.555892,0.000000,2.000007,15.382187,111.899076,1,0,137.135770
1781373743,1,-79.674944,43.554918,0.000000,2.000000,15.859964,110.742265,1,0,137.790893
1781373751,1,-79.675365,43.553977,0.000000,2.052859,11.672018,109.945705,1,0,139.214577
1781373777,1,-79.675598,43.553441,0.000000,2.003622,0.000000,62.457910,1,0,140.784910
1781373824,1,-79.676193,43.552099,0.000000,2.000604,15.399770,156.664700,1,0,141.631233
1781373831,1,-79.676633,43.551092,0.000000,2.014271,18.127155,117.397447,1,0,140.285690
1781373837,1,-79.677052,43.550132,0.000000,2.000035,18.793145,111.906755,1,0,138.996826
1781373843,1,-79.677655,43.549241,0.000000,2.045659,18.326456,110.337781,1,0,137.950929
1781373849,1,-79.678689,43.548639,0.000000,2.000133,17.270222,107.029034,1,0,138.005916
1781373856,1,-79.679991,43.548223,0.000000,2.000000,16.260869,114.916744,1,0,142.065493
1781373863,1,-79.681185,43.547846,0.000000,2.000000,13.661158,105.184754,1,0,146.042422
1781373871,1,-79.682249,43.547325,0.000000,4.164719,12.151356,103.656193,1,0,149.203196
1781373943,1,-79.683144,43.546631,0.000000,6.618009,8.378482,105.721944,1,0,150.767692
1781373954,1,-79.682435,43.545788,0.000000,2.000096,13.745480,109.798410,1,0,151.578510
1781373961,1,-79.681516,43.545167,0.000000,2.000000,14.312839,101.372852,1,0,151.046242
1781373970,1,-79.680528,43.544490,0.000000,2.000000,10.937028,109.695636,1,0,150.711385
1781374012,1,-79.679536,43.543811,0.000000,2.000000,14.620165,110.083321,1,0,151.217080
1781374017,1,-79.678586,43.543167,0.000000,2.000000,18.416633,104.947703,1,0,149.427307
1781374023,1,-79.677525,43.542432,0.000000,2.000000,20.261957,118.415122,1,0,147.197911
1781374028,1,-79.676608,43.541802,0.000000,2.000000,20.129048,101.942673,1,0,147.608430
1781374034,1,-79.675426,43.541214,0.000000,2.000000,18.277560,115.733276,1,0,146.051735
1781374045,1,-79.674242,43.540899,0.000000,2.000000,2.936499,101.891792,1,0,144.109784
1781374077,1,-79.673314,43.540673,0.000000,2.001349,13.138783,79.093858,1,0,142.387949
1781374084,1,-79.671768,43.540293,0.000000,2.000001,17.462279,131.890058,1,0,140.783705
1781374090,1,-79.670592,43.539790,0.000000,2.000000,19.327142,110.258699,1,0,139.492899
1781374097,1,-79.669523,43.539084,0.000000,2.000000,19.451227,116.694228,1,0,138.422245
1781374103,1,-79.668495,43.538368,0.000000,2.000000,19.079742,115.028116,1,0,136.873658
1781374109,1,-79.667538,43.537711,0.000000,2.000000,16.351421,106.356983,1,0,136.088121
1781374118,1,-79.666603,43.537065,0.000000,2.000000,7.288763,104.225420,1,0,135.176617
1781374195,1,-79.665688,43.536430,0.000000,7.087868,14.038725,102.211866,1,0,134.822671
1781374201,1,-79.664756,43.535783,0.000000,7.153245,18.291211,104.126388,1,0,134.764367
1781374207,1,-79.663689,43.535047,0.000000,2.008729,20.383025,118.847806,1,0,134.919059
1781374212,1,-79.662758,43.534402,0.000000,2.000110,20.936422,103.914561,1,0,135.026212
1781374217,1,-79.661797,43.533735,0.000000,2.028477,21.794044,107.356250,1,0,134.514965
1781374223,1,-79.660826,43.533059,0.000000,5.985690,21.863753,108.631435,1,0,133.660926
1781374228,1,-79.659819,43.532364,0.000000,6.082266,22.456065,112.199425,1,0,133.225113
1781374233,1,-79.658805,43.531662,0.000000,6.826894,22.580413,113.145332,1,0,133.242721
1781374238,1,-79.657803,43.530971,0.000000,6.554483,22.341550,111.600338,1,0,132.850418
1781374243,1,-79.656834,43.530307,0.000000,7.659146,21.015656,107.601143,1,0,132.291646
1781374250,1,-79.655819,43.529619,0.000000,7.452450,13.113289,112.137850,1,0,131.976807
1781374279,1,-79.654882,43.528994,0.000000,4.695365,8.206977,102.756517,1,0,132.350306
1781374287,1,-79.653939,43.528361,0.000000,10.188985,14.442009,103.715199,1,0,132.045143
1781374294,1,-79.652949,43.527702,0.000000,4.216112,15.948971,108.471832,1,0,131.289258
1781374301,1,-79.651943,43.527037,0.000000,10.761041,15.220378,109.876792,1,0,130.672343
1781374308,1,-79.650910,43.526354,0.000000,8.832986,16.388533,112.837125,1,0,130.156461
1781374315,1,-79.649903,43.525669,0.000000,4.595636,15.523065,111.442172,1,0,128.828214
1781374322,1,-79.648884,43.524944,0.000000,7.811419,17.034732,115.214815,1,0,124.183485
1781374328,1,-79.647969,43.524270,0.000000,6.580514,17.739286,105.257826,1,0,121.825863
1781374334,1,-79.647073,43.523584,0.000000,3.058001,17.600818,105.146539,1,0,121.626947
1781374340,1,-79.646182,43.522911,0.000000,2.255849,17.078616,103.827377,1,0,121.225848
1781374347,1,-79.645273,43.522260,0.000000,2.038512,17.147703,103.113187,1,0,119.179415
1781374353,1,-79.644383,43.521616,0.000000,2.000164,15.991175,101.474154,1,0,116.270527
1781374361,1,-79.643447,43.520930,0.000000,2.000000,13.556245,107.403767,1,0,114.685676
1781374369,1,-79.642518,43.520244,0.000000,2.026091,12.910118,107.005759,1,0,112.939631
1781374378,1,-79.641614,43.519566,0.000000,3.698880,9.157535,104.957143,1,0,111.323386
1781374397,1,-79.641740,43.518657,0.000000,5.422045,11.054875,101.506778,1,0,111.698015
1781374406,1,-79.642430,43.517794,0.000000,2.539629,11.757759,110.932670,1,0,112.423424
1781374420,1,-79.642623,43.516854,0.000000,2.084882,7.071744,105.597867,1,0,110.883310
1781374430,1,-79.643127,43.515902,0.000000,2.000453,13.940049,113.350120,1,0,111.600600
1781374438,1,-79.643937,43.515153,0.000000,2.000048,12.881102,105.897560,1,0,112.021882
1781374446,1,-79.644719,43.514422,0.000000,2.000000,12.673189,102.927330,1,0,112.609176
1781374461,1,-79.645526,43.513677,0.000000,2.236858,7.798065,105.398372,1,0,114.214069
1781374471,1,-79.646358,43.512935,0.000000,2.013988,10.500979,106.406513,1,0,116.186524
1781374493,1,-79.647172,43.512176,0.000000,2.066856,9.533584,106.974877,1,0,119.327696
1781374527,1,-79.648151,43.511584,0.000000,3.136564,2.129391,102.921863,1,0,122.008637
1781374584,1,-79.647751,43.512437,0.000000,7.693219,4.544830,100.139724,1,0,121.697077
1781375782,1,-79.648594,43.511710,0.000000,8.000591,6.934825,105.692165,1,0,122.172319
1781375805,1,-79.649055,43.510824,0.000000,6.744978,9.355781,105.260501,1,0,123.244169
1781375816,1,-79.649545,43.509924,0.000000,5.496266,10.635406,107.558155,1,0,124.269577
1781375825,1,-79.650415,43.509201,0.000000,2.090053,12.669374,106.778539,1,0,125.971498
1781375835,1,-79.651532,43.508831,0.000000,2.572651,9.209266,99.236362,1,0,127.589353
1781375845,1,-79.652835,43.508427,0.000000,2.015817,10.696435,114.524211,1,0,131.352295
1781375861,1,-79.654073,43.508047,0.000000,2.186098,11.254325,108.652158,1,0,134.482734
1781375870,1,-79.655332,43.507634,0.000000,2.011213,11.917355,111.674769,1,0,136.891188
1781375879,1,-79.656227,43.506941,0.000000,2.369819,12.103563,105.672548,1,0,137.858094
1781375902,1,-79.656996,43.506232,0.000000,2.293118,0.390622,100.361797,1,0,137.597676
1781375921,1,-79.657830,43.505529,0.000000,2.150031,5.156236,103.195426,1,0,137.466455
1781375938,1,-79.658888,43.506173,0.000000,2.006197,14.256203,111.533704,1,0,139.026911
1781375945,1,-79.659762,43.506810,0.000000,2.441030,18.154615,100.021754,1,0,140.213735
1781375951,1,-79.660715,43.507496,0.000000,8.556064,16.130617,108.390392,1,0,143.010113
1781375957,1,-79.661698,43.508217,0.000000,3.751042,18.047637,112.854786,1,0,145.880612
1781375963,1,-79.662676,43.508907,0.000000,2.007780,18.270770,110.145989,1,0,148.817730
1781375969,1,-79.663574,43.509593,0.000000,2.000024,15.809898,105.274633,1,0,151.639931
1781375978,1,-79.664519,43.510243,0.000000,2.040945,9.121346,105.145147,1,0,151.743190
1781376006,1,-79.665386,43.510894,0.000000,5.203688,13.040980,100.733732,1,0,151.215423
1781376012,1,-79.666280,43.511552,0.000000,8.618737,17.723738,102.816979,1,0,150.528789
1781376018,1,-79.667177,43.512227,0.000000,5.109703,16.884268,104.336971,1,0,150.778459
1781376025,1,-79.668175,43.512971,0.000000,6.210875,16.868371,115.527038,1,0,151.378647
1781376030,1,-79.669075,43.513639,0.000000,8.405851,16.941384,103.944870,1,0,152.146813
1781376037,1,-79.669992,43.514283,0.000000,5.066568,13.373213,103.042730,1,0,152.617465
1781376062,1,-79.670964,43.514993,0.000000,13.316430,10.766414,111.356491,1,0,153.666388
1781376071,1,-79.671896,43.515691,0.000000,4.863110,14.494114,108.137558,1,0,155.335383
1781376078,1,-79.672797,43.516348,0.000000,10.905910,15.038790,103.132956,1,0,156.925443
1781376086,1,-79.673753,43.517029,0.000000,11.342050,13.307852,108.169420,1,0,157.759285
1781376094,1,-79.674724,43.517745,0.000000,4.463545,14.004764,111.772988,1,0,157.731439
1781376102,1,-79.675690,43.518474,0.000000,13.067729,14.129474,112.520261,1,0,158.035377
1781376109,1,-79.676570,43.519118,0.000000,8.640185,15.325168,100.907346,1,0,159.039333
1781376116,1,-79.677557,43.519817,0.000000,7.428887,16.109628,111.355737,1,0,160.323470
1781376123,1,-79.678564,43.520550,0.000000,8.317106,15.970251,115.160080,1,0,160.529476
1781376131,1,-79.679459,43.521210,0.000000,9.327425,9.574377,103.023850,1,0,160.653124
1781376178,1,-79.680346,43.521870,0.000000,6.244616,12.168605,102.570548,1,0,161.550467
1781376187,1,-79.681246,43.522537,0.000000,8.791642,8.182057,103.861732,1,0,162.204428
1781376214,1,-79.682493,43.522116,0.000000,7.090186,14.600177,111.147447,1,0,162.797029
1781376221,1,-79.683289,43.521362,0.000000,9.064150,14.256443,105.642179,1,0,163.245405
1781376233,1,-79.684041,43.520636,0.000000,4.487136,2.611755,101.012064,1,0,163.846393
1781376324,1,-79.683473,43.519819,0.000000,11.461562,5.691316,101.729752,1,0,162.769182
1781376962,1,-79.684711,43.519917,0.000000,44.715090,-1.000000,100.688420,1,0,164.388593
1781376969,1,-79.685856,43.518869,0.000000,51.856301,-1.000000,148.757437,1,0,166.498593
1781376975,1,-79.687436,43.517844,0.000000,66.744701,-1.000000,171.141931,1,0,166.498593
1781377004,1,-79.690307,43.518362,0.000000,30.811836,-1.000000,239.161750,1,0,168.778593
1781377036,1,-79.692995,43.518426,0.000000,39.998538,-1.000000,217.453600,1,0,171.108593
1781377042,1,-79.694392,43.518603,0.000000,39.782802,-1.000000,114.653131,1,0,171.108593
1781377049,1,-79.695711,43.518596,0.000000,35.372729,-1.000000,106.650142,1,0,171.108593
1781377055,1,-79.696994,43.518797,0.000000,19.687665,16.131052,106.113163,1,0,173.218593
1781377068,1,-79.698539,43.519912,0.000000,39.782186,-1.000000,175.932227,1,0,175.378593
1781377077,1,-79.699863,43.520674,0.000000,39.940815,-1.000000,136.483801,1,0,175.378593
1781377089,1,-79.701944,43.522066,0.000000,36.774848,-1.000000,228.540007,1,0,177.758593
1781377096,1,-79.703223,43.522597,0.000000,43.556100,-1.000000,119.058711,1,0,180.008593
1781377115,1,-79.705592,43.524152,0.000000,39.792007,-1.000000,257.939072,1,0,180.958593
1781377124,1,-79.707082,43.524429,0.000000,11.927529,14.159230,124.332437,1,0,178.793811
1781377138,1,-79.709080,43.525164,0.000000,32.724228,-1.000000,181.002777,1,0,180.195123
1781377151,1,-79.710906,43.525844,0.000000,38.714433,-1.000000,165.837749,1,0,182.195123
1781377234,1,-79.713886,43.525325,0.000000,98.736003,-1.000000,247.731038,1,0,182.495123
1781377244,1,-79.714507,43.523443,0.000000,13.389088,16.838623,215.044783,1,0,187.543682
1781377253,1,-79.715771,43.522543,0.000000,46.639911,-1.000000,142.976443,1,0,189.475123
1781377323,1,-79.724097,43.517849,0.000000,49.343286,21.045485,851.562417,1,0,174.483018
1781377328,1,-79.725443,43.517713,0.000000,12.853274,21.473835,109.870788,1,0,183.615123
1781377335,1,-79.727313,43.517251,0.000000,71.702784,-1.000000,159.669317,1,0,183.615123
1781377415,1,-79.739969,43.506330,0.000000,5.630642,18.776386,1587.346310,1,0,183.060634
1781377508,1,-79.750222,43.499885,0.000000,31.180812,17.210289,1095.608011,1,0,196.103732
1781377549,1,-79.755303,43.498484,0.000000,42.659861,17.643881,439.421050,1,0,224.627798
1781377591,1,-79.765197,43.506431,0.000000,263.483656,-1.000000,1191.598260,1,0,193.477163
1781377635,1,-79.764655,43.505747,0.000000,76.897313,2.465089,87.731981,1,0,193.068977
1781377677,1,-79.769207,43.509302,0.000000,129.793253,-1.000000,539.925966,1,0,192.635123
1781377735,1,-79.777414,43.515501,0.000000,41.962616,16.194811,956.442965,1,0,153.850631
1781377745,1,-79.778882,43.516143,0.000000,56.572407,-1.000000,138.488281,1,0,180.865123
1781377753,1,-79.780303,43.517498,0.000000,51.178252,-1.000000,189.383874,1,0,186.195123
1781377811,1,-79.792203,43.524705,0.000000,244.632431,-1.000000,1251.748555,1,0,193.005123
1781377843,1,-79.793346,43.524498,0.000000,68.634777,-1.000000,95.231555,1,0,193.005123
1781377851,1,-79.794986,43.523110,0.000000,51.970823,-1.000000,203.381416,1,0,193.005123
1781377858,1,-79.795690,43.522330,0.000000,59.218244,-1.000000,103.683363,1,0,195.185123
1781377873,1,-79.800130,43.518033,0.000000,230.430619,-1.000000,597.326569,1,0,197.265123
1781377910,1,-79.804557,43.514306,0.000000,18.834412,22.650600,547.362701,1,0,198.403532
1781377916,1,-79.805598,43.513374,0.000000,17.970164,22.473560,133.446137,1,0,198.412469
1781377924,1,-79.806503,43.512542,0.000000,74.821468,-1.000000,117.898158,1,0,198.412469
1781377980,1,-79.811706,43.506902,0.000000,96.947086,-1.000000,754.787286,1,0,197.792469
1781377988,1,-79.811994,43.505607,0.000000,68.951296,-1.000000,145.755116,1,0,197.792469
1781377995,1,-79.813311,43.504667,0.000000,90.589450,-1.000000,149.170309,1,0,197.792469
1781378011,1,-79.817223,43.502412,0.000000,27.355533,21.036060,403.563644,1,0,185.300806
1781378019,1,-79.819072,43.501422,0.000000,41.624486,-1.000000,185.631151,1,0,197.792469
1781378044,1,-79.826177,43.498339,0.000000,104.554813,-1.000000,668.994186,1,0,195.512469
1781378089,1,-79.826523,43.497414,0.000000,83.131113,-1.000000,106.514725,1,0,189.462469
1781378095,1,-79.825861,43.496639,0.000000,94.122095,-1.000000,101.396078,1,0,189.462469
1781378104,1,-79.827959,43.494990,0.000000,66.598103,-1.000000,249.719968,1,0,191.472469
1781378108,1,-79.827476,43.493325,0.000000,14.181050,21.829443,189.071232,1,0,177.088834
1781378113,1,-79.828438,43.492600,0.000000,10.863232,22.260477,111.997485,1,0,193.572469
1781378138,1,-79.832335,43.489112,0.000000,33.376018,-1.000000,499.556284,1,0,185.082469
1781378151,1,-79.834086,43.488319,0.000000,90.568997,-1.000000,166.807822,1,0,189.402469
1781378209,1,-79.834452,43.487158,0.000000,8.944779,0.000000,132.347517,1,0,183.933680
1781378261,1,-79.837348,43.484443,0.000000,96.562782,-1.000000,381.943561,1,0,187.692469
1781378282,1,-79.839457,43.483290,0.000000,45.527440,-1.000000,213.353930,1,0,188.312469
1781378288,1,-79.840775,43.482064,0.000000,67.275159,-1.000000,172.983253,1,0,188.312469
1781378301,1,-79.841621,43.481092,0.000000,73.683585,-1.000000,127.854689,1,0,190.542469
1781378334,1,-79.842629,43.480071,0.000000,39.636720,-1.000000,139.710732,1,0,188.472469
1781378341,1,-79.843473,43.479210,0.000000,51.558207,-1.000000,117.532316,1,0,187.562469
1781378348,1,-79.845184,43.477966,0.000000,96.325692,-1.000000,195.616580,1,0,189.672469
1781378377,1,-79.853038,43.474024,0.000000,144.056569,-1.000000,771.786137,1,0,191.822469
1781378385,1,-79.852446,43.471559,0.000000,87.380959,-1.000000,278.032005,1,0,198.442469
1781378399,1,-79.854240,43.469456,0.000000,78.303515,-1.000000,275.078487,1,0,197.692469
1781378406,1,-79.855724,43.469682,0.000000,45.089885,-1.000000,122.680270,1,0,194.582469
1781378423,1,-79.856792,43.467207,0.000000,13.937834,9.680987,288.245752,1,0,189.631684
1781378446,1,-79.860938,43.470121,0.000000,68.421892,-1.000000,466.232724,1,0,187.732469
1781378452,1,-79.861869,43.470722,0.000000,45.450465,-1.000000,100.668603,1,0,189.762469
1781378459,1,-79.863555,43.471933,0.000000,59.175465,-1.000000,191.614221,1,0,189.762469
1781378473,1,-79.865890,43.473519,0.000000,45.469193,-1.000000,258.362193,1,0,189.762469
1781378480,1,-79.867389,43.474659,0.000000,80.070129,23.699743,175.372865,1,0,189.762469
1781378494,1,-79.869877,43.477203,0.000000,96.332060,-1.000000,347.011091,1,0,191.642469
1781378516,1,-79.871573,43.478235,0.000000,68.109902,-1.000000,178.823668,1,0,191.642469
1781378521,1,-79.873422,43.478739,0.000000,22.084816,19.060181,159.741150,1,0,178.299302
1781378527,1,-79.874303,43.479377,0.000000,16.023577,19.016699,100.528251,1,0,191.642469
1781378534,1,-79.875454,43.480392,0.000000,35.520454,-1.000000,146.254896,1,0,193.702469
1781378540,1,-79.876297,43.481317,0.000000,36.150210,-1.000000,123.344251,1,0,193.702469
1781378574,1,-79.883724,43.486384,0.000000,239.254709,-1.000000,823.381621,1,0,194.102469
1781378611,1,-79.885400,43.485245,0.000000,25.101131,13.275749,185.470307,1,0,194.102469
1781378627,1,-79.880018,43.482632,0.000000,199.266454,-1.000000,334.626945,1,0,194.102469
1781378635,1,-79.876073,43.480408,0.000000,62.291078,-1.000000,403.629253,1,0,194.102469
1781378643,1,-79.882292,43.481150,0.000000,118.975225,-1.000000,246.900838,1,0,196.242469
1781378668,1,-79.893692,43.477680,0.000000,81.692823,-1.000000,999.650462,1,0,197.752469
1781378682,1,-79.895094,43.477077,0.000000,76.372383,-1.000000,131.736714,1,0,197.752469
1781378743,1,-79.902645,43.482681,0.000000,119.671343,-1.000000,872.290807,1,0,224.282469
1781378750,1,-79.903874,43.481813,0.000000,44.486181,-1.000000,138.520547,1,0,227.422469
1781378759,1,-79.903275,43.482853,0.000000,75.407519,-1.000000,54.434970,1,0,233.202469
1781378806,1,-79.911108,43.487523,0.000000,59.507585,-1.000000,819.014723,1,0,292.612469
1781378844,1,-79.913099,43.486458,0.000000,82.970542,-1.000000,199.865386,1,0,308.632469
1781378861,1,-79.916126,43.484790,0.000000,33.943076,-1.000000,307.107711,1,0,311.152469
1781378870,1,-79.916687,43.483788,0.000000,74.662504,-1.000000,120.225405,1,0,313.652469
1781378908,1,-79.921002,43.479421,0.000000,67.302079,-1.000000,597.746749,1,0,322.502469
1781378930,1,-79.920685,43.478548,0.000000,39.674906,-1.000000,100.330389,1,0,314.722469
1781378939,1,-79.919312,43.477878,0.000000,32.930243,-1.000000,133.719963,1,0,314.722469
1781378954,1,-79.917924,43.474980,0.000000,70.730857,-1.000000,341.013117,1,0,315.302469
1781378962,1,-79.916470,43.474731,0.000000,88.679009,-1.000000,120.855417,1,0,315.552469
1781379001,1,-79.912059,43.471614,0.000000,43.986182,-1.000000,497.311502,1,0,306.222469
1781379067,1,-79.913574,43.470973,0.000000,8.488060,3.565232,141.778282,1,0,309.139618
1781379097,1,-79.914801,43.470703,0.000000,4.748652,7.897385,103.720464,1,0,303.267866
1781379134,1,-79.913880,43.469722,0.000000,22.253977,4.077022,132.039066,1,0,298.617178
1781379386,1,-79.913298,43.469014,0.000000,81.824171,0.000000,91.683383,1,0,244.214248
1781379515,1,-79.912556,43.468482,0.000000,4.748651,0.915244,84.254527,1,0,301.944343
1781379598,1,-79.911783,43.467778,0.000000,4.748651,0.959681,100.153832,1,0,284.721508
1781379782,1,-79.912978,43.467515,0.000000,4.748652,0.840940,101.016541,1,0,297.022640
1781379871,1,-79.914215,43.467441,0.000000,4.748651,0.636399,100.433576,1,0,294.304774
1781379974,1,-79.915350,43.467835,0.000000,4.748651,2.176035,101.741954,1,0,283.459082
1781380061,1,-79.916557,43.468067,0.000000,4.748652,0.902836,101.012996,1,0,285.490023
1781380157,1,-79.917693,43.468439,0.000000,4.748652,0.310575,100.788202,1,0,292.304924
1781380388,1,-79.918403,43.469182,0.000000,4.748651,0.704430,100.576745,1,0,292.284258
1781380464,1,-79.919549,43.469525,0.000000,4.748652,0.707382,100.258291,1,0,292.164679
1781380544,1,-79.920644,43.469948,0.000000,4.748652,1.030841,100.298797,1,0,288.895825
1781380625,1,-79.921751,43.470360,0.000000,4.748652,1.008932,100.595625,1,0,290.868142
1781380706,1,-79.922803,43.470833,0.000000,4.748651,0.679904,100.041968,1,0,292.492823
1781380784,1,-79.923746,43.471417,0.000000,4.748652,1.100927,100.164400,1,0,288.174439
1781380873,1,-79.924725,43.471974,0.000000,4.748652,0.560426,100.526935,1,0,295.924587
1781380957,1,-79.925953,43.471794,0.000000,4.748651,1.092668,101.360748,1,0,289.784473
1781381035,1,-79.927111,43.472127,0.000000,4.748651,0.858854,100.743768,1,0,293.424438
1781381117,1,-79.928352,43.472163,0.000000,4.748651,1.154301,100.499765,1,0,297.014329
1781381313,1,-79.929354,43.472703,0.000000,4.748652,0.740172,100.865279,1,0,298.739560
1781381395,1,-79.930541,43.472974,0.000000,4.748651,0.984046,100.659460,1,0,298.137970
1781381441,1,-79.930926,43.473304,0.000000,4.748651,0.854562,48.113431,1,0,297.268603
1781381489,1,-79.931478,43.473577,0.000000,4.748651,0.701609,53.992574,1,0,294.813485
1781381573,1,-79.932511,43.474072,0.000000,4.748652,0.547720,100.059496,1,0,292.025331
1781381677,1,-79.933575,43.474540,0.000000,4.748651,0.640588,100.581153,1,0,286.518698
1781381758,1,-79.934334,43.475258,0.000000,4.748651,1.161121,100.678127,1,0,283.421176
1781381855,1,-79.935113,43.475958,0.000000,4.748652,0.224796,100.111986,1,0,287.027428
1781381910,1,-79.935354,43.476445,0.000000,4.748651,0.817393,57.515574,1,0,289.835618
1781381948,1,-79.935785,43.476729,0.000000,4.748651,1.015502,47.029935,1,0,288.739761
1781382042,1,-79.936705,43.477334,0.000000,4.748652,0.817230,100.297997,1,0,293.178810
1781382127,1,-79.937766,43.477807,0.000000,4.748652,0.736097,100.656517,1,0,294.586378
1781382211,1,-79.938622,43.478462,0.000000,4.748652,0.373415,100.465393,1,0,298.463406
1781382315,1,-79.939181,43.479270,0.000000,4.748651,0.819207,100.524736,1,0,292.101004
1781382368,1,-79.939827,43.479558,0.000000,4.748652,0.546090,61.286246,1,0,298.891080
1781382402,1,-79.940198,43.479782,0.000000,4.748651,0.917734,38.993851,1,0,300.590942
1781382493,1,-79.940691,43.480608,0.000000,4.748651,1.006550,100.068807,1,0,299.008041
1781382862,1,-79.940973,43.481488,0.000000,4.748652,0.643364,100.401166,1,0,303.397288
1781383070,1,-79.940690,43.480610,0.000000,4.748652,0.325445,100.203252,1,0,301.342811
1781383155,1,-79.940196,43.479776,0.000000,4.748651,0.429616,100.915445,1,0,298.746085
1781383244,1,-79.939197,43.479245,0.000000,4.748651,0.976342,100.067009,1,0,290.633737
1781383340,1,-79.938623,43.478442,0.000000,4.748652,0.648704,100.581851,1,0,294.993289
1781383423,1,-79.937765,43.477786,0.000000,4.748651,0.887643,100.653635,1,0,294.303479
1781383503,1,-79.936712,43.477299,0.000000,4.748652,0.622802,100.924575,1,0,290.821253
1781383581,1,-79.935759,43.476721,0.000000,4.748651,0.590518,100.344856,1,0,291.616356
1781383617,1,-79.935354,43.476445,0.000000,4.748651,0.966692,44.878059,1,0,288.613037
1781383672,1,-79.935114,43.475944,0.000000,4.748652,0.700467,58.954602,1,0,287.936203
1781383761,1,-79.934314,43.475244,0.000000,4.748651,0.953674,101.187283,1,0,285.176473
1781383835,1,-79.933553,43.474526,0.000000,4.748651,1.617413,100.773955,1,0,285.568856
1781383950,1,-79.932456,43.474108,0.000000,4.748652,0.885427,100.176698,1,0,292.858026
1781384038,1,-79.931439,43.473573,0.000000,4.748651,0.820971,101.511842,1,0,296.496299
1781384080,1,-79.930909,43.473313,0.000000,4.748652,0.752647,51.705915,1,0,298.505185
1781384121,1,-79.930490,43.472989,0.000000,4.748652,1.074274,49.449672,1,0,298.120623
1781384203,1,-79.929314,43.472687,0.000000,4.748651,0.769088,100.895716,1,0,297.247890
1781384306,1,-79.928261,43.473180,0.000000,4.748651,0.834874,101.289398,1,0,305.213994
1781384388,1,-79.927786,43.474015,0.000000,4.748652,0.840993,100.420436,1,0,310.790647
1781384479,1,-79.926669,43.473597,0.000000,4.748651,0.885337,101.613675,1,0,315.368327
1781384560,1,-79.925624,43.473110,0.000000,4.748651,0.690109,100.384807,1,0,310.120796
1781384638,1,-79.925011,43.472320,0.000000,4.748651,0.511392,100.819220,1,0,308.843437
1781384713,1,-79.924311,43.471576,0.000000,4.748651,0.803975,100.206037,1,0,302.826912
1781384792,1,-79.923303,43.471038,0.000000,4.748651,0.669506,101.124444,1,0,292.856111
1781384866,1,-79.922225,43.470585,0.000000,4.748651,0.594550,100.709489,1,0,300.132809
1781384942,1,-79.921077,43.470219,0.000000,4.748651,0.843961,101.405576,1,0,297.993414
1781385016,1,-79.920144,43.469618,0.000000,4.748651,0.734175,100.790758,1,0,298.011985
1781385087,1,-79.918930,43.469447,0.000000,4.748651,0.777338,100.055792,1,0,299.780951
1781385214,1,-79.917944,43.468897,0.000000,4.748652,0.667217,100.499151,1,0,291.635270
1781385334,1,-79.916688,43.468910,0.000000,4.748652,1.067443,101.644117,1,0,293.608959
1781385417,1,-79.915558,43.469279,0.000000,4.748652,1.068508,100.208850,1,0,298.477272
1781385519,1,-79.914478,43.469722,0.000000,4.748652,1.533837,100.299936,1,0,310.189129
1781385685,1,-79.913712,43.469558,0.000000,4.748652,0.807832,64.606739,1,0,314.991308
1781385712,1,-79.912927,43.470704,0.000000,4.748652,8.829307,142.294269,1,0,312.497396
1781385867,1,-79.912443,43.471585,0.000000,4.748652,6.901218,105.429894,1,0,308.699642
1781385884,1,-79.912503,43.472517,0.000000,4.748651,11.882889,103.665765,1,0,308.007934
1781385892,1,-79.913444,43.473163,0.000000,4.748652,14.222086,104.640869,1,0,312.019722
1781385899,1,-79.914363,43.473811,0.000000,4.748651,14.786103,103.507180,1,0,317.043444
1781385906,1,-79.915289,43.474457,0.000000,4.748651,15.501454,103.761069,1,0,315.513021
1781385913,1,-79.916246,43.475132,0.000000,4.748651,15.338730,107.803047,1,0,316.239566
1781385920,1,-79.917220,43.475818,0.000000,4.748651,15.385985,109.641524,1,0,317.981669
1781385927,1,-79.918158,43.476493,0.000000,4.748651,15.357919,106.699764,1,0,319.801614
1781385934,1,-79.919095,43.477180,0.000000,4.748651,14.987402,107.584066,1,0,319.051841
1781385941,1,-79.920012,43.477855,0.000000,4.748651,14.665614,105.497914,1,0,320.005827
1781385948,1,-79.920951,43.478525,0.000000,4.748651,15.605246,106.367775,1,0,314.854172
1781385955,1,-79.921827,43.479161,0.000000,4.748651,13.476229,100.086682,1,0,320.515093
1781385962,1,-79.922715,43.479793,0.000000,4.748651,14.948299,100.465514,1,0,318.320682
1781385969,1,-79.923725,43.480495,0.000000,4.748651,16.229600,112.969179,1,0,315.203220
1781385976,1,-79.924662,43.481192,0.000000,4.748651,15.140462,108.371055,1,0,312.585259
1781385983,1,-79.925611,43.481885,0.000000,4.748650,15.668737,108.737235,1,0,311.704192
1781385990,1,-79.926612,43.482602,0.000000,4.748651,16.401784,113.601418,1,0,312.276872
1781385997,1,-79.927617,43.483326,0.000000,4.748650,16.129552,114.378005,1,0,311.430684
1781386003,1,-79.928513,43.483964,0.000000,4.748650,17.227984,101.390316,1,0,312.686960
1781386009,1,-79.929426,43.484628,0.000000,4.748650,17.383795,104.399243,1,0,313.335893
1781386015,1,-79.930364,43.485302,0.000000,4.748650,17.889769,106.617497,1,0,316.331340
1781386021,1,-79.931258,43.485951,0.000000,4.748650,16.747551,102.129934,1,0,314.828149
1781386029,1,-79.932207,43.486637,0.000000,4.748651,9.447832,108.183636,1,0,308.618300
1781386044,1,-79.933090,43.487270,0.000000,4.748651,12.599146,100.246479,1,0,311.754808
1781386052,1,-79.934038,43.487961,0.000000,4.748651,14.936601,108.518557,1,0,311.066290
1781386059,1,-79.934989,43.488641,0.000000,4.748651,15.399864,107.830380,1,0,312.613575
1781386066,1,-79.935925,43.489322,0.000000,4.748651,15.238524,107.046459,1,0,312.214123
1781386073,1,-79.936942,43.490038,0.000000,4.748651,15.588192,114.445942,1,0,306.017047
1781386079,1,-79.937928,43.490750,0.000000,4.748651,18.155365,112.338617,1,0,302.219710
1781386086,1,-79.938908,43.491459,0.000000,4.748651,18.302864,111.759276,1,0,299.361953
1781386092,1,-79.939846,43.492121,0.000000,4.748651,16.931894,105.676537,1,0,301.475979
1781386098,1,-79.940729,43.492779,0.000000,4.748651,17.438596,102.210407,1,0,302.255228
1781386104,1,-79.941645,43.493460,0.000000,4.748651,17.836112,105.903900,1,0,302.343157
1781386110,1,-79.942572,43.494141,0.000000,4.748651,17.566780,106.528412,1,0,305.350238
1781386116,1,-79.943471,43.494810,0.000000,4.748651,17.128529,103.989217,1,0,308.260496
1781386122,1,-79.944379,43.495488,0.000000,4.748651,17.829514,105.209302,1,0,304.687472
1781386128,1,-79.945293,43.496174,0.000000,4.748651,17.885954,106.184812,1,0,299.343459
1781386136,1,-79.945875,43.497041,0.000000,4.748652,10.992209,107.217942,1,0,294.607427
1781386145,1,-79.946781,43.497754,0.000000,4.748651,12.506330,107.917616,1,0,284.766086
1781386154,1,-79.947962,43.498089,0.000000,4.748651,13.516850,102.522343,1,0,268.212564
1781386170,1,-79.949214,43.498192,0.000000,4.748651,10.770383,101.914482,1,0,262.779893
1781386176,1,-79.950019,43.497476,0.000000,4.748651,15.754621,102.802715,1,0,262.622104
1781386183,1,-79.950868,43.496692,0.000000,4.748651,16.229187,110.922083,1,0,262.282925
1781386190,1,-79.951690,43.495928,0.000000,4.748651,14.722333,107.825462,1,0,262.051680
1781386197,1,-79.952490,43.495189,0.000000,4.748651,15.560443,104.541896,1,0,261.615566
1781386204,1,-79.953336,43.494394,0.000000,4.748651,16.111041,111.735635,1,0,261.614869
1781386212,1,-79.954028,43.493565,0.000000,4.748651,14.958855,107.781481,1,0,261.726177
1781386219,1,-79.954759,43.492750,0.000000,4.748651,15.670575,108.147195,1,0,261.238409
1781386226,1,-79.955583,43.491948,0.000000,4.748651,16.063407,111.276576,1,0,261.013588
1781386233,1,-79.956435,43.491157,0.000000,4.748651,15.738188,111.683440,1,0,260.918962
1781386240,1,-79.957256,43.490408,0.000000,4.748651,15.614037,106.467884,1,0,259.892939
1781386247,1,-79.958077,43.489654,0.000000,4.748651,15.775435,106.906062,1,0,256.866718
1781386254,1,-79.958919,43.488864,0.000000,4.748651,15.346905,111.101723,1,0,255.544160
1781386262,1,-79.959638,43.488032,0.000000,4.748651,12.913024,109.216060,1,0,255.005705
1781386271,1,-79.960165,43.487100,0.000000,4.748651,13.283294,111.983450,1,0,257.663282
1781386279,1,-79.961034,43.486380,0.000000,4.748651,13.232034,106.494440,1,0,259.761163
1781386286,1,-79.961913,43.486124,0.000000,4.748652,10.812369,76.583153,1,0,268.277413
1781386298,1,-79.963391,43.485660,0.000000,4.748651,12.055354,130.201733,1,0,276.075874
1781386307,1,-79.964181,43.484883,0.000000,4.748651,13.131228,107.412731,1,0,276.670243
1781386314,1,-79.964398,43.483975,0.000000,4.748651,12.407819,102.401262,1,0,283.860985
1781386322,1,-79.964973,43.483175,0.000000,4.748651,14.168235,100.322257,1,0,290.083273
1781386329,1,-79.965723,43.482446,0.000000,4.748651,14.471301,101.202802,1,0,293.539724
1781386337,1,-79.966506,43.481693,0.000000,4.748651,15.665085,104.938979,1,0,293.383725
1781386344,1,-79.967346,43.480891,0.000000,4.748651,16.307865,112.063696,1,0,293.591518
1781386351,1,-79.968154,43.480128,0.000000,4.748651,14.010661,107.052877,1,0,294.399994
1781386358,1,-79.968914,43.479408,0.000000,4.748651,14.563105,100.898140,1,0,293.289331
1781386366,1,-79.969693,43.478675,0.000000,4.748651,8.034396,102.980714,1,0,297.057739
1781386386,1,-79.968920,43.477818,0.000000,4.748650,17.900091,113.921001,1,0,301.563177
1781386392,1,-79.967894,43.477084,0.000000,4.748649,19.565296,116.368106,1,0,302.868158
1781386398,1,-79.966841,43.476331,0.000000,4.748651,19.939233,119.405861,1,0,303.981557
1781386403,1,-79.965833,43.475608,0.000000,4.748651,18.810313,114.472889,1,0,307.370971
1781386409,1,-79.964845,43.474900,0.000000,4.748651,18.917784,112.155492,1,0,308.791310
1781386415,1,-79.963787,43.474150,0.000000,4.748651,20.299783,119.467438,1,0,308.335526
1781386420,1,-79.962865,43.473506,0.000000,4.748651,20.929259,103.370032,1,0,308.173810
1781386425,1,-79.961920,43.472835,0.000000,4.748651,21.518805,106.793266,1,0,307.763634
1781386430,1,-79.960966,43.472157,0.000000,4.748651,21.546162,107.857617,1,0,306.217900
1781386435,1,-79.960004,43.471478,0.000000,4.748651,21.874204,108.399084,1,0,303.154364
1781386440,1,-79.958998,43.470773,0.000000,4.748651,22.803441,112.966743,1,0,300.633607
1781386445,1,-79.957982,43.470039,0.000000,4.748651,23.210339,115.801953,1,0,301.179493
1781386450,1,-79.956986,43.469319,0.000000,4.748651,22.533848,113.557517,1,0,301.287988
1781386455,1,-79.956027,43.468636,0.000000,4.748651,21.330126,108.539505,1,0,300.243885
1781386460,1,-79.955100,43.467977,0.000000,4.748651,20.617015,104.823774,1,0,294.424672
1781386466,1,-79.954177,43.467331,0.000000,4.748651,16.260712,103.586325,1,0,293.095424
1781386479,1,-79.952955,43.467148,0.000000,4.748651,12.772577,100.952811,1,0,287.878898
1781386486,1,-79.952212,43.467955,0.000000,4.748651,15.560057,107.955230,1,0,287.547712
1781386493,1,-79.951393,43.468722,0.000000,4.748652,14.734205,107.955720,1,0,289.607217
1781386504,1,-79.950687,43.469481,0.000000,4.748652,5.524319,101.859504,1,0,295.529968
1781386586,1,-79.950501,43.469842,0.000000,4.748652,1.410766,42.840631,1,0,295.057957
1781386726,1,-79.950591,43.470382,0.000000,4.748652,6.185857,60.438220,1,0,298.738780
1781386741,1,-79.950533,43.471330,0.000000,4.748652,7.548453,105.434090,1,0,301.932715
1781386762,1,-79.950571,43.472248,0.000000,4.748652,5.325482,102.042730,1,0,302.066322
1781387089,1,-79.950305,43.471359,0.000000,4.748651,1.363789,101.092392,1,0,301.775802
1781387316,1,-79.949255,43.470847,0.000000,4.748652,2.292915,102.251236,1,0,289.095347
1781387418,1,-79.948458,43.470157,0.000000,4.748651,1.200910,100.183281,1,0,283.653264
1781387714,1,-79.949269,43.470838,0.000000,4.748651,0.903426,100.158764,1,0,289.791276
1781387862,1,-79.950455,43.471115,0.000000,4.748652,1.140755,100.785111,1,0,301.209812
1781387943,1,-79.950843,43.471978,0.000000,4.748651,1.781606,100.894996,1,0,304.793656
1781388263,1,-79.950478,43.471045,0.000000,4.748651,9.934394,107.788608,1,0,301.316260
1781388273,1,-79.950658,43.470125,0.000000,4.748651,8.976748,103.251094,1,0,296.039529
1781388288,1,-79.950986,43.469190,0.000000,4.748651,8.534560,107.222091,1,0,293.986517
1781388296,1,-79.951752,43.468445,0.000000,4.748651,14.152168,103.410562,1,0,288.492566
1781388303,1,-79.952492,43.467719,0.000000,4.748651,13.852067,100.460515,1,0,287.015597
1781388312,1,-79.953260,43.466975,0.000000,4.748651,7.517263,103.418786,1,0,291.322733
1781388336,1,-79.954329,43.467507,0.000000,4.748651,14.256777,104.769728,1,0,294.566702
1781388343,1,-79.955336,43.468227,0.000000,4.748651,17.713602,114.190892,1,0,296.704887
1781388349,1,-79.956294,43.468904,0.000000,4.748651,18.009922,108.016350,1,0,301.432405
1781388355,1,-79.957269,43.469609,0.000000,4.748651,19.168279,111.177381,1,0,301.341728
1781388361,1,-79.958330,43.470371,0.000000,4.748650,20.612809,120.578624,1,0,300.572375
1781388366,1,-79.959277,43.471052,0.000000,4.748651,21.628598,107.691134,1,0,300.732021
1781388371,1,-79.960223,43.471722,0.000000,4.748651,21.350229,106.777963,1,0,303.123779
1781388376,1,-79.961169,43.472390,0.000000,4.748651,21.151042,106.623207,1,0,306.145489
1781388381,1,-79.962084,43.473038,0.000000,4.748651,20.528988,103.275536,1,0,307.434520
1781388386,1,-79.963005,43.473676,0.000000,4.748652,20.548479,102.855324,1,0,307.566226
1781388391,1,-79.963922,43.474315,0.000000,4.748651,20.449133,102.697817,1,0,307.935844
1781388396,1,-79.964831,43.474968,0.000000,4.748651,20.562167,103.317386,1,0,308.404379
1781388401,1,-79.965724,43.475607,0.000000,4.748651,20.309450,101.299370,1,0,307.275971
1781388406,1,-79.966632,43.476261,0.000000,4.748651,21.006944,103.333683,1,0,303.622681
1781388411,1,-79.967566,43.476924,0.000000,4.748651,21.010521,105.535361,1,0,301.602470
1781388416,1,-79.968489,43.477577,0.000000,4.748651,20.795487,104.122591,1,0,300.627799
1781388421,1,-79.969408,43.478233,0.000000,4.748651,20.691739,104.123725,1,0,299.407693
1781388426,1,-79.970291,43.478863,0.000000,4.748651,19.764014,100.021350,1,0,299.266140
1781388432,1,-79.971343,43.479605,0.000000,4.748650,19.637323,118.499708,1,0,296.697547
1781388438,1,-79.972365,43.480322,0.000000,4.748650,19.366736,114.819407,1,0,294.323819
1781388444,1,-79.973424,43.481064,0.000000,4.748650,19.990956,118.902402,1,0,291.111477
1781388450,1,-79.974491,43.481810,0.000000,4.748650,19.924602,119.677004,1,0,291.737934
1781388456,1,-79.975544,43.482554,0.000000,4.748651,19.374344,118.707703,1,0,293.334833
1781388462,1,-79.976517,43.483228,0.000000,4.748651,17.554831,108.651782,1,0,295.228566
1781388468,1,-79.977458,43.483893,0.000000,4.748651,17.170434,106.092028,1,0,295.291154
1781388474,1,-79.978202,43.484648,0.000000,4.748650,17.394277,103.248639,1,0,293.003062
1781388480,1,-79.978637,43.485573,0.000000,4.748651,18.241720,108.632381,1,0,290.893419
1781388487,1,-79.978995,43.486475,0.000000,4.748651,11.961872,104.319762,1,0,290.538320
1781388497,1,-79.980269,43.486325,0.000000,4.748651,10.903579,104.405631,1,0,286.392811
1781388510,1,-79.981399,43.486697,0.000000,4.748651,6.947241,100.326577,1,0,282.456894
1781388533,1,-79.982314,43.487345,0.000000,4.748651,9.956295,103.262411,1,0,283.639321
1781388541,1,-79.983251,43.488001,0.000000,4.748651,14.344106,105.159766,1,0,286.663519
1781388548,1,-79.984170,43.488634,0.000000,4.748651,14.367415,102.342318,1,0,289.694384
1781388556,1,-79.985122,43.489311,0.000000,4.748651,13.194409,107.655074,1,0,292.961378
1781388563,1,-79.985967,43.490007,0.000000,4.748651,15.505409,103.214473,1,0,295.704792
1781388570,1,-79.986777,43.490707,0.000000,4.748651,13.113383,101.697212,1,0,295.904532
1781388579,1,-79.986450,43.491593,0.000000,4.748652,14.942000,101.933216,1,0,292.636543
1781388585,1,-79.985347,43.492293,0.000000,4.748652,21.716381,118.364341,1,0,288.692210
1781388590,1,-79.984320,43.492927,0.000000,4.748652,21.215698,108.921637,1,0,288.408403
1781388595,1,-79.983345,43.493487,0.000000,4.748652,18.771487,100.458720,1,0,287.618096
1781388602,1,-79.982200,43.493993,0.000000,4.748652,11.815247,108.349830,1,0,286.693665
1781388614,1,-79.981029,43.494393,0.000000,4.748651,6.347445,104.633511,1,0,286.684362
1781388625,1,-79.979831,43.494653,0.000000,4.748651,11.434581,101.123987,1,0,284.537594
1781388633,1,-79.978550,43.494814,0.000000,4.748651,13.690759,105.156776,1,0,283.153212
1781388641,1,-79.977175,43.494939,0.000000,4.748651,14.462992,112.091776,1,0,281.738583
1781388648,1,-79.975920,43.495051,0.000000,4.748651,14.427474,102.280670,1,0,279.899007
1781388656,1,-79.974534,43.495177,0.000000,4.748651,14.292283,112.988447,1,0,277.893280
1781388663,1,-79.973223,43.495294,0.000000,4.748651,15.611942,106.844557,1,0,276.082918
1781388669,1,-79.971982,43.495403,0.000000,4.748651,17.864498,101.107915,1,0,274.301257
1781388675,1,-79.970535,43.495538,0.000000,4.748651,20.231133,117.999750,1,0,272.177539
1781388681,1,-79.969068,43.495673,0.000000,4.748651,20.055930,119.604490,1,0,269.919167
1781388687,1,-79.967615,43.495815,0.000000,4.748651,19.304159,118.582041,1,0,268.260010
1781388693,1,-79.966241,43.496037,0.000000,4.748651,18.999876,113.841985,1,0,266.806413
1781388699,1,-79.964963,43.496368,0.000000,4.748651,17.918711,109.719684,1,0,266.221768
1781388705,1,-79.963824,43.496783,0.000000,4.748651,17.294437,103.023846,1,0,265.592070
1781388711,1,-79.962767,43.497286,0.000000,4.748651,16.645086,102.142239,1,0,266.539725
1781388718,1,-79.961744,43.497904,0.000000,4.748651,14.516295,107.525704,1,0,268.534790
1781388725,1,-79.960857,43.498594,0.000000,4.748651,14.829689,104.999345,1,0,270.261273
1781388733,1,-79.960116,43.499319,0.000000,4.748652,14.257393,100.404918,1,0,271.975206
1781388739,1,-79.959469,43.500105,0.000000,4.748652,14.885036,101.810396,1,0,272.034466
1781388748,1,-79.958839,43.500928,0.000000,4.748652,9.713053,104.679590,1,0,270.953335
1781388759,1,-79.958183,43.501779,0.000000,4.748652,9.764512,108.421211,1,0,269.327637
1781388772,1,-79.957547,43.502588,0.000000,4.748652,8.974703,103.563698,1,0,266.638540
1781388783,1,-79.956943,43.503379,0.000000,4.748652,10.065135,100.550162,1,0,263.987483
1781388792,1,-79.956327,43.504173,0.000000,4.748652,13.422928,101.315316,1,0,261.423245
1781388799,1,-79.955691,43.504994,0.000000,4.748652,15.959322,104.722858,1,0,258.853409
1781388806,1,-79.954986,43.505904,0.000000,4.748653,16.875645,116.075194,1,0,255.512452
1781388812,1,-79.954378,43.506695,0.000000,4.748653,16.477783,100.705667,1,0,252.261230
1781388820,1,-79.953702,43.507569,0.000000,4.748652,12.744189,111.439037,1,0,249.503284
1781388829,1,-79.953094,43.508355,0.000000,4.748652,9.644735,100.221124,1,0,246.152477
1781388841,1,-79.952432,43.509188,0.000000,4.748652,9.485051,106.921234,1,0,243.496362
1781388851,1,-79.951737,43.509971,0.000000,4.748652,10.321437,103.573994,1,0,241.767489
1781388862,1,-79.950933,43.510758,0.000000,4.748652,12.859952,108.963544,1,0,240.397538
1781388868,1,-79.950078,43.511492,0.000000,4.748652,15.815695,106.916725,1,0,239.392624
1781388874,1,-79.949139,43.512208,0.000000,4.748652,19.069318,109.974682,1,0,239.020063
1781388880,1,-79.948104,43.512903,0.000000,4.748652,18.878860,113.876521,1,0,237.833135
1781388886,1,-79.947084,43.513539,0.000000,4.748652,17.801590,108.613394,1,0,239.179347
1781388892,1,-79.946056,43.514180,0.000000,4.748651,18.951722,109.466157,1,0,242.821690
1781388897,1,-79.945091,43.514781,0.000000,4.748652,20.791918,102.705876,1,0,245.923146
1781388902,1,-79.944090,43.515410,0.000000,4.748652,21.385510,106.936745,1,0,246.778472
1781388907,1,-79.943059,43.516046,0.000000,4.748652,21.754586,109.285655,1,0,246.045943
1781388912,1,-79.942075,43.516659,0.000000,4.748652,21.291790,104.735438,1,0,243.378153
1781388917,1,-79.941010,43.517310,0.000000,4.748651,23.525962,112.461525,1,0,239.348749
1781388921,1,-79.940069,43.517907,0.000000,4.748651,26.352475,100.942006,1,0,236.011041
1781388925,1,-79.939060,43.518545,0.000000,4.748652,27.106468,108.080183,1,0,232.324690
1781388929,1,-79.938036,43.519183,0.000000,4.748652,27.757644,108.998612,1,0,229.195686
1781388933,1,-79.936916,43.519872,0.000000,4.748652,30.154961,118.582747,1,0,226.843240
1781388937,1,-79.935787,43.520579,0.000000,4.748652,29.977000,120.428382,1,0,224.659168
1781388941,1,-79.934680,43.521272,0.000000,4.748652,29.424530,118.065462,1,0,221.900982
1781388945,1,-79.933586,43.521959,0.000000,4.748652,28.930698,116.833997,1,0,220.277328
1781388949,1,-79.932516,43.522623,0.000000,4.748652,28.457016,113.697315,1,0,219.847248
1781388957,1,-79.930225,43.523719,0.000000,4.748651,27.556035,221.675237,1,0,219.684891
1781388961,1,-79.928974,43.524094,0.000000,4.748651,27.247265,109.391827,1,0,219.278749
1781388965,1,-79.927674,43.524357,0.000000,4.748652,27.378667,109.094455,1,0,218.537445
1781388969,1,-79.926367,43.524523,0.000000,4.748651,26.669524,107.271588,1,0,217.916007
1781388973,1,-79.925040,43.524679,0.000000,4.748651,27.329218,108.682176,1,0,216.514680
1781388977,1,-79.923692,43.524833,0.000000,4.748651,27.653282,110.323976,1,0,215.675511
1781388981,1,-79.922314,43.524989,0.000000,4.748651,28.568643,112.754761,1,0,215.327051
1781388985,1,-79.920884,43.525151,0.000000,4.748651,29.464207,117.011586,1,0,215.000458
1781388989,1,-79.919453,43.525315,0.000000,4.748651,29.111513,117.116385,1,0,214.750399
1781388993,1,-79.917985,43.525476,0.000000,4.748651,30.510007,120.022010,1,0,213.741233
1781388997,1,-79.916447,43.525652,0.000000,4.748651,31.811943,125.868945,1,0,212.728626
1781389001,1,-79.914903,43.525827,0.000000,4.748651,31.520874,126.330984,1,0,211.761580
1781389005,1,-79.913384,43.526000,0.000000,4.748651,30.793411,124.299736,1,0,210.551189
1781389009,1,-79.911899,43.526154,0.000000,4.748651,30.028357,121.268953,1,0,209.673659
1781389013,1,-79.910418,43.526308,0.000000,4.748651,30.343973,120.948803,1,0,209.368882
1781389017,1,-79.908954,43.526551,0.000000,4.748651,30.136165,121.398357,1,0,209.326300
1781389021,1,-79.907563,43.526948,0.000000,4.748651,30.981085,120.797554,1,0,209.386904
1781389025,1,-79.906168,43.527507,0.000000,4.748651,32.989566,128.750659,1,0,209.342072
1781389031,1,-79.903989,43.528491,0.000000,4.748650,35.013892,207.330858,1,0,208.269150
1781389037,1,-79.901778,43.529497,0.000000,4.748651,35.270660,210.819137,1,0,208.522652
1781389043,1,-79.899565,43.530510,0.000000,4.748651,35.064875,211.357567,1,0,213.705437
1781389049,1,-79.897381,43.531509,0.000000,2.000000,34.637917,208.545121,1,0,218.604460
1781389055,1,-79.895183,43.532513,0.000000,2.000000,35.070620,209.799055,1,0,218.677002
1781389061,1,-79.892923,43.533544,0.000000,2.000000,36.404839,215.638913,1,0,213.926597
1781389064,1,-79.891771,43.534067,0.000000,2.000000,36.633333,109.769097,1,0,211.419835
1781389067,1,-79.890615,43.534592,0.000000,2.000000,36.775429,110.161040,1,0,210.940631
1781389070,1,-79.889470,43.535117,0.000000,2.000000,36.390696,109.401465,1,0,211.645159
1781389073,1,-79.888342,43.535624,0.000000,2.000000,35.348245,107.176902,1,0,211.958136
1781389079,1,-79.886039,43.536513,0.000000,2.000000,35.113859,210.739431,1,0,213.090846
1781389085,1,-79.883602,43.537195,0.000000,2.000000,35.022219,211.060984,1,0,212.124577
1781389091,1,-79.881148,43.537646,0.000000,2.000000,34.217264,204.594977,1,0,211.478918
1781389097,1,-79.878680,43.538005,0.000000,2.000000,33.835178,203.443869,1,0,210.836791
1781389103,1,-79.876192,43.538355,0.000000,2.000000,34.316947,204.837196,1,0,210.971969
1781389109,1,-79.873694,43.538716,0.000000,2.000000,33.886718,205.865499,1,0,210.247584
1781389116,1,-79.870873,43.539128,0.000000,2.000000,32.955003,232.578616,1,0,209.552253
1781389120,1,-79.869286,43.539437,0.000000,2.000000,33.340391,132.796328,1,0,209.147446
1781389126,1,-79.866957,43.540072,0.000000,2.000000,33.495538,201.031404,1,0,208.058918
1781389133,1,-79.864417,43.541051,0.000000,2.000000,32.649581,232.334274,1,0,206.476483
1781389137,1,-79.863085,43.541689,0.000000,2.000000,32.057856,128.901639,1,0,205.384863
1781389141,1,-79.861823,43.542393,0.000000,2.006244,32.004019,128.540993,1,0,204.978359
1781389145,1,-79.860621,43.543151,0.000000,2.000003,32.260937,128.575098,1,0,204.329142
1781389149,1,-79.859506,43.543994,0.000000,2.022026,32.531559,129.979214,1,0,204.075131
1781389153,1,-79.858490,43.544881,0.000000,2.281464,31.718594,128.277098,1,0,203.720195
1781389157,1,-79.857493,43.545773,0.000000,2.002764,32.294784,127.730158,1,0,202.885858
1781389161,1,-79.856482,43.546679,0.000000,2.258025,32.421154,129.650890,1,0,201.686520
1781389165,1,-79.855479,43.547580,0.000000,2.000440,31.986746,128.812152,1,0,200.183005
1781389169,1,-79.854496,43.548457,0.000000,2.000000,31.126686,125.723284,1,0,199.071067
1781389173,1,-79.853546,43.549311,0.000000,2.004553,30.028214,122.058186,1,0,199.071876
1781389177,1,-79.852635,43.550134,0.000000,2.000015,29.322569,117.394334,1,0,199.567741
1781389181,1,-79.851702,43.550969,0.000000,2.121243,30.151827,119.549072,1,0,199.925984
1781389185,1,-79.850738,43.551832,0.000000,2.087326,31.259611,123.543317,1,0,199.664524
1781389189,1,-79.849751,43.552716,0.000000,2.000070,32.019373,126.526251,1,0,198.519837
1781389193,1,-79.848736,43.553627,0.000000,2.000000,32.847174,130.281466,1,0,197.664643
1781389197,1,-79.847701,43.554556,0.000000,2.000000,33.430515,132.852821,1,0,196.552716
1781389204,1,-79.845885,43.556187,0.000000,2.174975,33.180102,233.178771,1,0,194.662474
1781389208,1,-79.844865,43.557102,0.000000,2.680552,32.346940,130.876309,1,0,194.227127
1781389212,1,-79.843893,43.557978,0.000000,2.015117,30.937104,125.068039,1,0,193.774459
1781389216,1,-79.842934,43.558834,0.000000,2.084846,30.599807,122.680398,1,0,193.070870
1781389220,1,-79.841974,43.559696,0.000000,2.612096,31.079671,123.248759,1,0,192.473874
1781389224,1,-79.841005,43.560566,0.000000,2.000685,30.945587,124.393374,1,0,191.892547
1781389228,1,-79.840025,43.561447,0.000000,2.483880,31.718172,125.902522,1,0,191.576333
1781389232,1,-79.839025,43.562341,0.000000,3.447099,32.500248,128.042292,1,0,192.504140
1781389236,1,-79.838003,43.563263,0.000000,2.006531,32.923281,131.578694,1,0,193.779698
1781389240,1,-79.836967,43.564191,0.000000,2.002545,33.452029,132.808448,1,0,194.860690
1781389246,1,-79.835368,43.565621,0.000000,2.434710,34.606939,204.775994,1,0,196.732469
1781389252,1,-79.834004,43.566844,0.000000,2.000000,35.301130,174.953537,1,0,198.443724
1781389255,1,-79.832898,43.567839,0.000000,2.328271,35.555189,142.148733,1,0,199.692176
1781389258,1,-79.832063,43.568584,0.000000,2.065315,35.438560,106.783760,1,0,200.306579
1781389264,1,-79.830398,43.570069,0.000000,2.409033,35.522916,212.875595,1,0,201.315843
1781389267,1,-79.829558,43.570819,0.000000,2.000000,36.026756,107.466547,1,0,201.656482
1781389270,1,-79.828713,43.571571,0.000000,2.565460,36.073082,107.894066,1,0,201.964056
1781389273,1,-79.827875,43.572328,0.000000,3.481242,35.589939,107.969363,1,0,201.909542
1781389279,1,-79.826248,43.573795,0.000000,2.000000,34.679745,209.388746,1,0,202.602194
1781389285,1,-79.824623,43.575244,0.000000,2.000000,34.349694,207.726597,1,0,203.506457
1781389291,1,-79.823053,43.576655,0.000000,2.000000,33.166732,201.648315,1,0,204.735665
1781389295,1,-79.822025,43.577582,0.000000,2.008271,32.832665,132.303499,1,0,205.483482
1781389299,1,-79.821033,43.578472,0.000000,2.016192,31.158796,127.278279,1,0,205.927732
1781389303,1,-79.820145,43.579268,0.000000,3.396566,26.405629,113.874739,1,0,206.468903
1781389307,1,-79.819306,43.579985,0.000000,2.181858,26.647793,104.589435,1,0,207.049716
1781389311,1,-79.818432,43.580751,0.000000,2.001064,28.012868,110.576583,1,0,207.013959
1781389315,1,-79.817562,43.581525,0.000000,2.075164,27.906548,111.057457,1,0,208.039640
1781389319,1,-79.816671,43.582318,0.000000,2.000330,28.651899,113.765466,1,0,208.818905
1781389323,1,-79.815786,43.583112,0.000000,2.196586,28.406174,113.545818,1,0,209.409104
1781389327,1,-79.814913,43.583893,0.000000,2.029532,27.795132,111.813493,1,0,210.106923
1781389331,1,-79.814061,43.584659,0.000000,2.168992,27.033186,109.447418,1,0,210.858320
1781389335,1,-79.813216,43.585418,0.000000,2.006877,27.186642,108.487178,1,0,211.563493
1781389339,1,-79.812389,43.586170,0.000000,2.000051,26.649246,106.969961,1,0,211.759762
1781389343,1,-79.811575,43.586923,0.000000,2.000000,26.695956,106.404848,1,0,212.131026
1781389347,1,-79.810754,43.587667,0.000000,2.036892,26.346744,105.973241,1,0,212.251997
1781389351,1,-79.809943,43.588409,0.000000,13.465016,26.233033,105.295678,1,0,212.691865
1781389356,1,-79.808968,43.589275,0.000000,10.732780,24.672611,124.335665,1,0,212.336857
1781389360,1,-79.808174,43.589989,0.000000,2.547612,26.126076,102.005856,1,0,211.854801
1781389364,1,-79.807339,43.590737,0.000000,2.213346,27.238625,107.025429,1,0,211.357700
1781389368,1,-79.806461,43.591519,0.000000,2.001202,28.253978,112.147398,1,0,211.081541
1781389372,1,-79.805570,43.592319,0.000000,2.108528,28.950342,114.361545,1,0,211.183942
1781389376,1,-79.804666,43.593125,0.000000,2.000391,28.455487,115.540964,1,0,211.894831
1781389380,1,-79.803787,43.593877,0.000000,2.172353,26.895204,109.637524,1,0,212.675887
1781389384,1,-79.802948,43.594613,0.000000,2.015574,26.272696,106.199250,1,0,213.535253
1781389388,1,-79.802097,43.595315,0.000000,2.000136,25.887247,103.952670,1,0,213.549383
1781389392,1,-79.801207,43.595964,0.000000,2.109201,25.280465,101.808575,1,0,213.709691
1781389397,1,-79.800054,43.596680,0.000000,2.041098,24.238934,122.465390,1,0,213.158700
1781389401,1,-79.799057,43.597226,0.000000,3.917716,25.600572,100.807443,1,0,212.377613
1781389405,1,-79.797980,43.597750,0.000000,2.002927,26.246295,104.658944,1,0,211.161192
1781389409,1,-79.796838,43.598253,0.000000,3.807043,27.231744,107.832270,1,0,210.738339
1781389413,1,-79.795631,43.598708,0.000000,4.143432,27.389201,109.798807,1,0,210.350555
1781389417,1,-79.794389,43.599104,0.000000,5.407240,27.337284,109.521188,1,0,209.687069
1781389421,1,-79.793058,43.599369,0.000000,2.000000,28.073053,111.441477,1,0,208.722562
1781389425,1,-79.791719,43.599595,0.000000,2.000000,27.226364,111.004918,1,0,207.278156
1781389430,1,-79.790244,43.599670,0.000000,2.000000,21.573830,119.400972,1,0,206.878746
1781389436,1,-79.788912,43.599232,0.000000,2.039378,18.880653,118.059069,1,0,207.341787
1781389442,1,-79.787940,43.598636,0.000000,2.004134,15.298493,102.693852,1,0,207.123737
1781389469,1,-79.786769,43.598945,0.000000,2.042575,2.332002,100.600739,1,0,205.623635
1781389485,1,-79.785760,43.598387,0.000000,7.402773,12.591367,102.384747,1,0,205.589234
1781389501,1,-79.785542,43.597474,0.000000,2.388283,8.428091,102.957695,1,0,205.684772
1781389525,1,-79.786689,43.597119,0.000000,2.217230,6.387721,100.671724,1,0,204.628629
1781389551,1,-79.787731,43.597651,0.000000,2.049444,7.381192,102.830610,1,0,204.721791
1781389584,1,-79.788654,43.598263,0.000000,2.183877,5.272318,100.891635,1,0,206.242204
1781389753,1,-79.789850,43.598515,0.000000,6.722074,0.924876,100.556590,1,0,204.599461
1781391272,1,-79.785432,43.596379,0.000000,88.227987,-1.000000,428.490925,1,0,204.529760
1781391308,1,-79.784481,43.597033,0.000000,3.176028,7.391338,105.724605,1,0,204.053930
1781391321,1,-79.784667,43.597924,0.000000,4.393594,11.643461,100.130067,1,0,203.031681
1781391328,1,-79.785637,43.598529,0.000000,5.685601,16.228265,103.218820,1,0,204.348110
1781391335,1,-79.786290,43.599367,0.000000,7.957446,14.499753,107.003605,1,0,205.333120
1781391342,1,-79.785543,43.600166,0.000000,2.779626,16.189526,107.327640,1,0,203.890907
1781391348,1,-79.784052,43.600359,0.000000,2.354112,22.138728,122.287065,1,0,203.030834
1781391353,1,-79.782849,43.600540,0.000000,10.424345,25.668164,99.197303,1,0,203.017987
1781391357,1,-79.781042,43.600668,0.000000,5.407371,29.050287,146.599415,1,0,203.537306
1781391361,1,-79.779569,43.600780,0.000000,4.837301,29.945277,119.588021,1,0,204.067063
1781391365,1,-79.778090,43.600892,0.000000,4.548735,29.730114,120.069886,1,0,204.502799
1781391369,1,-79.776660,43.601003,0.000000,4.900502,29.017905,116.123514,1,0,204.425040
1781391373,1,-79.775204,43.601124,0.000000,6.029583,30.025581,118.332320,1,0,204.007597
1781391377,1,-79.773663,43.601248,0.000000,6.983289,32.099026,125.189939,1,0,202.168154
1781391381,1,-79.772063,43.601364,0.000000,6.422233,32.650291,129.834793,1,0,200.976206
1781391385,1,-79.770415,43.601433,0.000000,1.999999,33.359356,133.289935,1,0,199.817745
1781391389,1,-79.768805,43.601554,0.000000,1.999999,32.138848,130.694215,1,0,198.310652
1781391393,1,-79.767254,43.601651,0.000000,1.999999,31.194468,125.699753,1,0,197.304253
1781391397,1,-79.765707,43.601727,0.000000,1.999999,31.384905,125.198954,1,0,195.862954
1781391401,1,-79.764148,43.601817,0.000000,1.999999,31.543995,126.279339,1,0,194.985675
1781391405,1,-79.762610,43.601926,0.000000,1.999999,31.059211,124.776232,1,0,193.705346
1781391410,1,-79.761077,43.602052,0.000000,1.999999,31.198936,124.572494,1,0,192.087183
1781391414,1,-79.759538,43.602188,0.000000,5.316431,31.365010,125.183135,1,0,190.686391
1781391418,1,-79.758021,43.602314,0.000000,4.542785,30.626995,123.288773,1,0,189.182692
1781391422,1,-79.756565,43.602420,0.000000,7.302349,29.325918,118.154286,1,0,188.098670
1781391425,1,-79.755169,43.602557,0.000000,7.698010,28.331003,113.744201,1,0,187.002973
1781391429,1,-79.753821,43.602746,0.000000,7.676921,27.689420,110.852443,1,0,185.837847
1781391433,1,-79.752495,43.603007,0.000000,2.048097,27.816060,110.926475,1,0,184.301315
1781391437,1,-79.751171,43.603316,0.000000,2.000244,28.113694,112.284815,1,0,183.430843
1781391441,1,-79.749876,43.603660,0.000000,2.000001,27.262298,111.332078,1,0,184.145011
1781391445,1,-79.748709,43.603988,0.000000,2.000000,24.359278,101.031961,1,0,185.704522
1781391450,1,-79.747409,43.604113,0.000000,2.000000,20.649926,105.884265,1,0,186.699230
1781391456,1,-79.746074,43.603924,0.000000,2.000000,16.842377,109.821955,1,0,188.513739
1781391465,1,-79.744921,43.604347,0.000000,2.000000,11.150732,104.290235,1,0,189.419453
1781391475,1,-79.743770,43.603723,0.000000,2.000000,16.950290,115.949797,1,0,185.182300
1781391481,1,-79.742721,43.602975,0.000000,3.384643,19.892867,118.665478,1,0,182.125356
1781391487,1,-79.741722,43.602223,0.000000,3.656195,18.588575,116.137535,1,0,183.556304
1781391493,1,-79.740900,43.601539,0.000000,4.774719,16.181921,100.901000,1,0,184.726934
1781391500,1,-79.740153,43.600678,0.000000,5.128827,16.817031,113.091500,1,0,184.034023
1781391506,1,-79.739612,43.599845,0.000000,4.484474,16.909163,102.343701,1,0,180.987400
1781391513,1,-79.739166,43.598913,0.000000,4.451661,12.079388,109.635628,1,0,176.980531
1781391555,1,-79.738974,43.598016,0.000000,8.568108,4.617337,100.862036,1,0,177.111722
1781391603,1,-79.737756,43.597836,0.000000,10.473004,14.466480,100.361013,1,0,174.323977
1781391610,1,-79.736361,43.597824,0.000000,3.930029,16.149178,112.647989,1,0,174.179642
1781391616,1,-79.735266,43.597389,0.000000,2.909509,17.573687,100.764179,1,0,173.225912
1781391622,1,-79.734198,43.596762,0.000000,3.228104,18.835146,110.859442,1,0,170.983597
1781391628,1,-79.733172,43.596019,0.000000,3.327206,19.411481,116.954031,1,0,169.186407
1781391634,1,-79.732150,43.595252,0.000000,2.976197,19.945036,118.626338,1,0,169.029372
1781391640,1,-79.731134,43.594485,0.000000,2.911381,18.960704,118.294386,1,0,168.702114
1781391646,1,-79.730210,43.593812,0.000000,2.414026,16.367081,105.634820,1,0,168.547581
1781391654,1,-79.729607,43.593364,0.000000,2.900229,5.379048,69.632695,1,0,167.735912
1781391680,1,-79.728271,43.592376,0.000000,3.573947,17.368296,153.913748,1,0,166.952753
1781391686,1,-79.727276,43.591637,0.000000,3.115468,20.026578,114.880864,1,0,166.893791
1781391691,1,-79.726395,43.590984,0.000000,3.929624,19.906428,101.613026,1,0,167.848573
1781391697,1,-79.725375,43.590231,0.000000,2.492278,19.699547,117.405121,1,0,166.344847
1781391703,1,-79.724341,43.589470,0.000000,3.108862,19.748845,118.836601,1,0,165.138566
1781391717,1,-79.723455,43.588817,0.000000,3.848670,3.283551,101.900208,1,0,164.672977
1781391729,1,-79.722528,43.588122,0.000000,3.545016,11.689046,107.551657,1,0,162.939619
1781391738,1,-79.721592,43.587456,0.000000,4.393656,12.067676,105.780322,1,0,164.723226
1781391756,1,-79.720710,43.586800,0.000000,3.858306,7.015454,101.911750,1,0,163.734462
1781391767,1,-79.719815,43.586142,0.000000,4.349157,10.477912,102.806167,1,0,162.871719
1781391777,1,-79.718916,43.585474,0.000000,4.061744,9.037129,103.824845,1,0,161.937399
1781391788,1,-79.717962,43.584768,0.000000,4.239620,11.820229,109.953377,1,0,160.390101
1781391798,1,-79.717036,43.584091,0.000000,5.741693,7.854020,106.071958,1,0,159.907754
1781391831,1,-79.716155,43.583409,0.000000,3.757409,10.033422,103.945777,1,0,159.227407
1781391841,1,-79.715237,43.582744,0.000000,3.019591,9.249617,104.672011,1,0,159.011592
1781391853,1,-79.714299,43.582063,0.000000,4.368882,8.761997,107.071110,1,0,161.004540
1781391867,1,-79.713428,43.581417,0.000000,3.510838,4.527698,100.500102,1,0,162.190776
1781391941,1,-79.712558,43.580766,0.000000,3.204979,5.464567,100.841317,1,0,161.942850
1781398170,1,-79.717104,43.575538,0.000000,28.750480,-1.000000,687.198181,1,0,154.953700
1781398179,1,-79.718401,43.573610,0.000000,75.042989,13.541695,238.459969,1,0,165.333095
1781398184,1,-79.719050,43.572826,0.000000,3.943322,13.045695,101.667794,1,0,170.909865
1781398191,1,-79.719874,43.572101,0.000000,4.748652,15.338884,104.496044,1,0,175.604195
1781398197,1,-79.720704,43.571385,0.000000,4.748652,17.543905,104.038927,1,0,179.427902
1781398203,1,-79.721563,43.570644,0.000000,4.748652,17.887068,107.672638,1,0,181.322264
1781398215,1,-79.722479,43.570017,0.000000,2.447892,3.049049,101.628908,1,0,181.789963
1781398340,1,-79.723575,43.569362,0.000000,8.402846,14.382364,114.607501,1,0,183.872093
1781398347,1,-79.724667,43.568694,0.000000,2.098314,17.438806,115.282628,1,0,181.271229
1781398353,1,-79.725647,43.568008,0.000000,2.313263,18.460059,109.898081,1,0,180.848236
1781398359,1,-79.726460,43.567276,0.000000,2.003118,16.740974,104.539608,1,0,180.263659
1781398366,1,-79.727294,43.566542,0.000000,2.000453,14.249544,105.784972,1,0,180.079041
1781398401,1,-79.728088,43.565838,0.000000,6.396537,3.596291,101.157750,1,0,179.120498
1781398411,1,-79.728948,43.565071,0.000000,8.857343,13.877430,109.951760,1,0,179.578448
1781398418,1,-79.729808,43.564299,0.000000,2.487395,16.021508,110.382923,1,0,182.893769
1781398425,1,-79.730688,43.563505,0.000000,6.588598,16.255166,113.299749,1,0,186.766705
1781398432,1,-79.731570,43.562713,0.000000,5.429232,15.712362,113.232294,1,0,188.169475
1781398439,1,-79.732368,43.561995,0.000000,6.022828,14.571136,102.571679,1,0,188.544245
1781398446,1,-79.733156,43.561285,0.000000,4.988968,13.265649,101.372546,1,0,188.791673
1781398470,1,-79.733431,43.561037,0.000000,6.476158,0.004819,35.396571,1,0,188.902140
1781398552,1,-79.733046,43.560387,0.000000,5.385005,13.763822,78.633615,1,0,186.997689
1781398557,1,-79.732180,43.559717,0.000000,2.240376,17.650859,102.162210,1,0,185.059607
1781398563,1,-79.731232,43.559019,0.000000,2.000716,18.234292,108.999806,1,0,182.214182
1781398569,1,-79.730246,43.558307,0.000000,2.000002,19.015670,112.269195,1,0,179.496138
1781398575,1,-79.729305,43.557616,0.000000,2.108300,17.668939,108.053563,1,0,180.121172
1781398581,1,-79.728420,43.556965,0.000000,2.222499,16.538717,101.711804,1,0,180.022356
1781398588,1,-79.727437,43.556241,0.000000,2.010845,15.785477,113.046870,1,0,179.426953
1781398595,1,-79.726536,43.555585,0.000000,2.000043,14.050954,103.017135,1,0,178.769717
1781398603,1,-79.725593,43.554895,0.000000,2.000000,13.881386,108.088488,1,0,178.704709
1781398611,1,-79.724603,43.554165,0.000000,2.001266,14.824641,113.918641,1,0,178.874725
1781398618,1,-79.723649,43.553463,0.000000,2.214895,16.251289,109.661137,1,0,178.286136
1781398625,1,-79.722653,43.552738,0.000000,2.000512,16.228268,113.870429,1,0,177.867582
1781398633,1,-79.721638,43.551997,0.000000,2.000001,17.114238,116.213304,1,0,177.402103
1781398639,1,-79.720728,43.551338,0.000000,2.002128,17.044661,103.771371,1,0,176.670246
1781398645,1,-79.719817,43.550673,0.000000,2.356303,17.759455,104.299818,1,0,175.905480
1781398651,1,-79.718889,43.549980,0.000000,2.002275,18.138792,107.480179,1,0,175.380708
1781398657,1,-79.717924,43.549265,0.000000,2.122976,18.522465,111.318192,1,0,175.675457
1781398663,1,-79.716932,43.548539,0.000000,2.016061,19.080715,113.720930,1,0,175.201787
1781398669,1,-79.715939,43.547806,0.000000,2.500210,18.768451,114.335141,1,0,174.973808
1781398675,1,-79.715003,43.547126,0.000000,2.001501,17.271190,106.910898,1,0,173.252590
1781398682,1,-79.714102,43.546458,0.000000,2.001190,11.122933,103.972772,1,0,171.634520
1781398771,1,-79.714798,43.545804,0.000000,6.380450,1.783411,91.889688,1,0,173.018963
1781399069,1,-79.713525,43.546056,0.000000,4.736001,7.103166,106.618886,1,0,170.040417
1781399076,1,-79.712659,43.545353,0.000000,8.911680,15.930424,104.875064,1,0,170.865595
1781399081,1,-79.711677,43.544648,0.000000,11.109996,18.094012,111.505972,1,0,173.194762
1781399087,1,-79.710677,43.543927,0.000000,2.222370,18.526691,113.790350,1,0,174.410186
1781399093,1,-79.709749,43.543246,0.000000,2.000697,17.416679,106.533354,1,0,176.386178
1781399100,1,-79.708866,43.542540,0.000000,2.002205,13.865369,106.047356,1,0,175.066594
1781399110,1,-79.708943,43.541572,0.000000,2.343649,11.393667,107.730852,1,0,172.807372
1781399121,1,-79.710204,43.541800,0.000000,2.025488,12.266589,105.017125,1,0,171.690096
1781399128,1,-79.709783,43.542719,0.000000,2.143567,17.414002,76.735446,1,0,169.612438
1781399133,1,-79.708872,43.543561,0.000000,2.000874,24.395518,119.050525,1,0,169.981589
1781399137,1,-79.708004,43.544301,0.000000,2.000008,27.124967,108.080360,1,0,169.382137
1781399141,1,-79.707103,43.545067,0.000000,2.000000,27.859039,112.009165,1,0,168.734589
1781399145,1,-79.706227,43.545811,0.000000,2.000000,27.028593,108.838285,1,0,167.578538
1781399149,1,-79.705340,43.546558,0.000000,2.000000,27.391683,109.670705,1,0,166.825801
1781399153,1,-79.704455,43.547312,0.000000,2.000000,27.583825,110.155417,1,0,166.194411
1781399157,1,-79.703551,43.548081,0.000000,2.000000,28.061463,112.416296,1,0,165.661186
1781399161,1,-79.702649,43.548832,0.000000,2.000000,27.587511,110.797484,1,0,164.985323
1781399165,1,-79.701775,43.549572,0.000000,2.000000,26.954750,108.392063,1,0,164.767187
1781399169,1,-79.700921,43.550306,0.000000,2.000000,26.797903,106.836078,1,0,163.787822
1781399173,1,-79.700050,43.551043,0.000000,2.000000,26.939340,107.981226,1,0,163.154196
1781399177,1,-79.699181,43.551781,0.000000,2.000000,26.885932,107.960284,1,0,162.503186
1781399181,1,-79.698318,43.552504,0.000000,2.000000,26.323078,106.381474,1,0,161.941830
1781399185,1,-79.697456,43.553191,0.000000,2.000000,25.869892,103.335963,1,0,160.751998
1781399189,1,-79.696589,43.553846,0.000000,2.000000,25.091967,101.018027,1,0,159.636383
1781399194,1,-79.695483,43.554627,0.000000,2.021929,24.803134,124.568859,1,0,158.248966
1781399199,1,-79.694360,43.555363,0.000000,2.000064,24.285565,122.156167,1,0,157.006033
1781399204,1,-79.693239,43.556071,0.000000,2.000001,23.802243,119.973747,1,0,155.618169
1781399209,1,-79.692104,43.556775,0.000000,2.093673,24.058192,120.541321,1,0,152.905130
1781399214,1,-79.690939,43.557499,0.000000,2.000614,25.326194,123.827801,1,0,150.128824
1781399218,1,-79.689965,43.558107,0.000000,2.000006,26.142800,103.716555,1,0,147.619849
1781399222,1,-79.688955,43.558742,0.000000,2.000000,26.754909,107.878306,1,0,145.121103
1781399226,1,-79.687963,43.559360,0.000000,2.000000,26.114075,105.543815,1,0,144.051098
1781399230,1,-79.687002,43.559958,0.000000,2.000000,25.289639,102.195872,1,0,142.552434
1781399235,1,-79.685844,43.560696,0.000000,2.000000,24.969842,124.411981,1,0,141.709825
1781399239,1,-79.684919,43.561297,0.000000,2.000000,24.990582,100.225293,1,0,140.088173
1781399243,1,-79.684005,43.561912,0.000000,2.000000,24.917351,100.614053,1,0,139.431760
1781399248,1,-79.682943,43.562672,0.000000,2.000000,23.450644,120.389894,1,0,138.610846
1781399253,1,-79.681972,43.563415,0.000000,2.000000,22.457604,113.883268,1,0,138.093105
1781399258,1,-79.681065,43.564167,0.000000,2.000000,22.699941,111.134665,1,0,137.029264
1781399263,1,-79.680119,43.564990,0.000000,2.000000,24.654490,119.176673,1,0,136.524023
1781399267,1,-79.679330,43.565710,0.000000,2.000000,25.844013,102.289073,1,0,136.177345
1781399271,1,-79.678580,43.566454,0.000000,2.000000,25.268106,102.493868,1,0,136.012948
1781399275,1,-79.677862,43.567217,0.000000,2.000000,25.975486,102.722005,1,0,136.778551
1781399279,1,-79.677161,43.568001,0.000000,2.000000,25.980693,103.900833,1,0,137.618795
1781399283,1,-79.676488,43.568787,0.000000,2.000000,25.771442,102.871305,1,0,138.682995
1781399287,1,-79.675815,43.569581,0.000000,2.000000,25.676144,103.626958,1,0,140.728698
1781399291,1,-79.675162,43.570351,0.000000,2.000000,25.282728,100.509213,1,0,142.892053
1781399296,1,-79.674377,43.571276,0.000000,2.000000,23.618298,120.765049,1,0,146.216820
1781399301,1,-79.673614,43.572182,0.000000,2.000000,23.660211,118.035953,1,0,149.635499
1781399306,1,-79.672834,43.573088,0.000000,2.000000,23.572129,118.758999,1,0,153.141875
1781399311,1,-79.672077,43.573985,0.000000,2.016469,22.970695,116.927581,1,0,156.784496
1781399316,1,-79.671339,43.574851,0.000000,2.000148,22.304709,113.190290,1,0,159.432039
1781399321,1,-79.670600,43.575708,0.000000,2.000001,22.943540,112.384427,1,0,161.202747
1781399326,1,-79.669827,43.576551,0.000000,2.000000,22.366931,112.569637,1,0,162.174069
1781399331,1,-79.668978,43.577398,0.000000,2.000000,24.154533,116.446502,1,0,163.159237
1781399335,1,-79.668196,43.578123,0.000000,2.000000,26.080630,102.367900,1,0,164.272912
1781399339,1,-79.667425,43.578836,0.000000,2.000000,24.569458,100.767411,1,0,165.208671
1781399344,1,-79.666486,43.579689,0.000000,2.000000,23.804294,121.387287,1,0,165.863202
1781399349,1,-79.665527,43.580504,0.000000,2.000000,23.849230,119.164105,1,0,166.205816
1781399354,1,-79.664527,43.581325,0.000000,2.000000,24.619447,121.841273,1,0,165.974109
1781399359,1,-79.663555,43.582142,0.000000,2.000000,23.471125,120.017328,1,0,165.695420
1781399364,1,-79.662702,43.582938,0.000000,2.000000,21.812163,112.111825,1,0,165.533772
1781399371,1,-79.661797,43.583678,0.000000,2.000000,12.250959,110.012775,1,0,165.791679
1781399379,1,-79.660595,43.584052,0.000000,4.732511,13.754449,105.601858,1,0,165.599502
1781399388,1,-79.659460,43.584459,0.000000,2.000000,10.526643,102.217860,1,0,167.242210
1781399396,1,-79.659336,43.584733,0.000000,9.456907,0.006076,32.048398,1,0,167.602452
1781399446,1,-79.658162,43.584222,0.000000,2.012260,10.914203,110.519277,1,0,166.355307
1781399462,1,-79.657286,43.583585,0.000000,2.000023,0.569812,100.075048,1,0,165.756536
1781399524,1,-79.656380,43.582918,0.000000,5.200512,8.760375,104.147375,1,0,162.199894
1781399534,1,-79.655454,43.582239,0.000000,6.495562,11.344708,106.231244,1,0,161.388590
1781399543,1,-79.654502,43.581555,0.000000,2.089368,11.478473,108.109790,1,0,160.196844
1781399552,1,-79.653606,43.580901,0.000000,2.000343,11.770522,102.552980,1,0,159.216412
1781399629,1,-79.652746,43.580246,0.000000,6.960766,0.065823,100.602628,1,0,158.628168
1781399664,1,-79.651869,43.579604,0.000000,7.037610,2.380175,100.525468,1,0,157.268570
1781399701,1,-79.650751,43.580054,0.000000,4.899055,13.031987,103.215903,1,0,155.772897
1781399709,1,-79.649934,43.580813,0.000000,2.179058,13.498619,107.078653,1,0,155.482691
1781399717,1,-79.649118,43.581572,0.000000,2.000594,13.077973,107.028894,1,0,155.083915
1781399725,1,-79.648322,43.582304,0.000000,2.000003,12.641835,103.672113,1,0,154.233093
1781399734,1,-79.647459,43.583057,0.000000,2.000785,11.747759,108.894283,1,0,152.995268
1781399743,1,-79.646676,43.583756,0.000000,2.580797,9.199429,100.155096,1,0,153.876040
1781399815,1,-79.647081,43.584687,0.000000,2.050877,10.217662,108.489255,1,0,155.054364
1781399977,1,-79.645846,43.585061,0.000000,14.757430,-1.000000,108.057068,1,0,154.563768
